id,chart_template_id/id,code,user_type_id/id,name,reconcile,group_id/id
etl_companion.base_cheques_de_terceros,etl_companion.l10nar_base_chart_template,1.1.1.02.010,account.data_account_type_liquidity,Cheques de Terceros [de la migracion].,False,etl_companion.account_group_bancos
etl_companion.base_cheques_de_terceros_rechazados,etl_companion.l10nar_base_chart_template,1.1.1.02.020,account.data_account_type_current_assets,Cheques de Terceros Rechazados,False,etl_companion.account_group_bancos
etl_companion.base_fondo_comun_de_inversion,etl_companion.l10nar_base_chart_template,1.1.2.01.010,account.data_account_type_current_assets,Fondo común de inversión,False,etl_companion.account_group_inversiones
etl_companion.base_plazo_fijo,etl_companion.l10nar_base_chart_template,1.1.2.01.020,account.data_account_type_current_assets,Plazo fijo,False,etl_companion.account_group_inversiones
etl_companion.base_deudores_por_ventas,etl_companion.l10nar_base_chart_template,1.1.3.01.010,account.data_account_type_receivable,Deudores por ventas,True,etl_companion.account_group_creditos_por_ventas
etl_companion.base_deudores_por_ventas_pos,etl_companion.l10nar_base_chart_template,1.1.3.01.020,account.data_account_type_receivable,Deudores por ventas (PoS),True,etl_companion.account_group_creditos_por_ventas
etl_companion.base_ret_percepcion_tasa_municipal,etl_companion.l10nar_base_chart_template,1.1.4.01.010,account.data_account_type_current_assets,Ret/Percepción Tasa Municipal,False,etl_companion.account_group_creditos_fiscales_municipales
etl_companion.base_saldo_a_favor_tasa_municipal,etl_companion.l10nar_base_chart_template,1.1.4.01.020,account.data_account_type_current_assets,Saldo a favor Tasa Municipal,False,etl_companion.account_group_creditos_fiscales_municipales
etl_companion.base_saldo_favor_iibb_sf,etl_companion.l10nar_base_chart_template,1.1.4.02.010,account.data_account_type_current_assets,Saldo a favor IIBB p. Santa Fé,False,etl_companion.account_group_creditos_fiscales_iibb
etl_companion.base_retencion_iibb_sf_sufrida,etl_companion.l10nar_base_chart_template,1.1.4.02.020,account.data_account_type_current_assets,Retención IIBB p. Santa Fé sufrida,False,etl_companion.account_group_creditos_fiscales_iibb
etl_companion.base_percepcion_iibb_sf_sufrida,etl_companion.l10nar_base_chart_template,1.1.4.02.030,account.data_account_type_current_assets,Percepción IIBB p. Santa Fé sufrida,False,etl_companion.account_group_creditos_fiscales_iibb
etl_companion.base_saldo_favor_iibb_co,etl_companion.l10nar_base_chart_template,1.1.4.02.040,account.data_account_type_current_assets,Saldo a favor IIBB p. Córdoba,False,etl_companion.account_group_creditos_fiscales_iibb
etl_companion.base_retencion_iibb_co_sufrida,etl_companion.l10nar_base_chart_template,1.1.4.02.050,account.data_account_type_current_assets,Retención IIBB p. Córdoba sufrida,False,etl_companion.account_group_creditos_fiscales_iibb
etl_companion.base_percepcion_iibb_co_sufrida,etl_companion.l10nar_base_chart_template,1.1.4.02.060,account.data_account_type_current_assets,Percepción IIBB p. Córdoba sufrida,False,etl_companion.account_group_creditos_fiscales_iibb
etl_companion.base_saldo_favor_iibb_ba,etl_companion.l10nar_base_chart_template,1.1.4.02.070,account.data_account_type_current_assets,Saldo a favor IIBB p. Buenos Aires,False,etl_companion.account_group_creditos_fiscales_iibb
etl_companion.base_retencion_iibb_ba_sufrida,etl_companion.l10nar_base_chart_template,1.1.4.02.080,account.data_account_type_current_assets,Retención IIBB p. Buenos Aires sufrida,False,etl_companion.account_group_creditos_fiscales_iibb
etl_companion.base_percepcion_iibb_ba_sufrida,etl_companion.l10nar_base_chart_template,1.1.4.02.090,account.data_account_type_current_assets,Percepción IIBB p. Buenos Aires sufrida,False,etl_companion.account_group_creditos_fiscales_iibb
etl_companion.base_saldo_favor_iibb_caba,etl_companion.l10nar_base_chart_template,1.1.4.02.100,account.data_account_type_current_assets,Saldo a favor IIBB p. CABA,False,etl_companion.account_group_creditos_fiscales_iibb
etl_companion.base_retencion_iibb_caba_sufrida,etl_companion.l10nar_base_chart_template,1.1.4.02.110,account.data_account_type_current_assets,Retención IIBB CABA sufrida,False,etl_companion.account_group_creditos_fiscales_iibb
etl_companion.base_percepcion_iibb_caba_sufrida,etl_companion.l10nar_base_chart_template,1.1.4.02.120,account.data_account_type_current_assets,Percepción IIBB CABA sufrida,False,etl_companion.account_group_creditos_fiscales_iibb
etl_companion.base_sircreb,etl_companion.l10nar_base_chart_template,1.1.4.02.130,account.data_account_type_current_assets,SIRCREB,False,etl_companion.account_group_creditos_fiscales_iibb
etl_companion.base_saldo_a_favor_suss,etl_companion.l10nar_base_chart_template,1.1.4.03.010,account.data_account_type_current_assets,Saldo a favor SUSS,False,etl_companion.account_group_creditos_fiscales_suss
etl_companion.base_retencion_suss_sufrida,etl_companion.l10nar_base_chart_template,1.1.4.03.020,account.data_account_type_current_assets,Retención SUSS Sufrida,False,etl_companion.account_group_creditos_fiscales_suss
etl_companion.ri_iva_credito_fiscal,etl_companion.l10nar_ri_chart_template,1.1.4.04.010,account.data_account_type_current_assets,IVA crédito fiscal,False,etl_companion.account_group_creditos_fiscales_iva
etl_companion.ri_percepcion_iva_sufrida,etl_companion.l10nar_ri_chart_template,1.1.4.04.020,account.data_account_type_current_assets,Percepción IVA Sufrida,False,etl_companion.account_group_creditos_fiscales_iva
etl_companion.ri_retencion_iva_sufrida,etl_companion.l10nar_ri_chart_template,1.1.4.04.030,account.data_account_type_current_assets,Retención IVA Sufrida,False,etl_companion.account_group_creditos_fiscales_iva
etl_companion.ri_iva_saldo_tecnico_favor,etl_companion.l10nar_ri_chart_template,1.1.4.04.040,account.data_account_type_current_assets,IVA Saldo técnico,False,etl_companion.account_group_creditos_fiscales_iva
etl_companion.ri_iva_saldo_libre_disponibilidad,etl_companion.l10nar_ri_chart_template,1.1.4.04.050,account.data_account_type_current_assets,IVA Saldo Libre Disponibilidad,False,etl_companion.account_group_creditos_fiscales_iva
etl_companion.base_anticipo_ganancias,etl_companion.l10nar_ex_chart_template,1.1.4.05.010,account.data_account_type_current_assets,Anticipo ganancias,False,etl_companion.account_group_creditos_fiscales_ganancias
etl_companion.base_percepcion_ganancias_sufrida,etl_companion.l10nar_ex_chart_template,1.1.4.05.020,account.data_account_type_current_assets,Percepciones de Ganancias Sufridas,False,etl_companion.account_group_creditos_fiscales_ganancias
etl_companion.base_retencion_ganancias_sufrida,etl_companion.l10nar_ex_chart_template,1.1.4.05.030,account.data_account_type_current_assets,Retenciones de Ganancias Sufridas,False,etl_companion.account_group_creditos_fiscales_ganancias
etl_companion.base_saldo_favor_ganancias,etl_companion.l10nar_ex_chart_template,1.1.4.05.040,account.data_account_type_current_assets,Saldo a favor Ganancias,False,etl_companion.account_group_creditos_fiscales_ganancias
etl_companion.base_imp_debitos_computables,etl_companion.l10nar_base_chart_template,1.1.4.05.050,account.data_account_type_current_assets,Impuesto a los Débitos Computables,False,etl_companion.account_group_creditos_fiscales_ganancias
etl_companion.base_otros_creditos,etl_companion.l10nar_base_chart_template,1.1.5.01.010,account.data_account_type_receivable,Deudores Varios,True,etl_companion.account_group_otros_creditos
etl_companion.base_materia_prima,etl_companion.l10nar_base_chart_template,1.1.6.01.010,account.data_account_type_current_assets,Materia Prima,False,etl_companion.account_group_bienes_de_cambio
etl_companion.base_productos_en_proceso,etl_companion.l10nar_base_chart_template,1.1.6.01.020,account.data_account_type_current_assets,Productos en proceso,False,etl_companion.account_group_bienes_de_cambio
etl_companion.base_productos_terminados,etl_companion.l10nar_base_chart_template,1.1.6.01.030,account.data_account_type_current_assets,Productos terminados,False,etl_companion.account_group_bienes_de_cambio
etl_companion.base_mercaderia_reventa,etl_companion.l10nar_base_chart_template,1.1.6.01.040,account.data_account_type_current_assets,Mercaderia de reventa,False,etl_companion.account_group_bienes_de_cambio
etl_companion.base_anticipo_proveedores,etl_companion.l10nar_base_chart_template,1.1.6.01.050,account.data_account_type_current_assets,Anticipo a Proveedores,False,etl_companion.account_group_bienes_de_cambio
etl_companion.base_instalaciones,etl_companion.l10nar_base_chart_template,1.2.1.01.010,account.data_account_type_fixed_assets,Instalaciones,False,etl_companion.account_group_instalaciones
etl_companion.base_amortizacion_acumulada_instalaciones,etl_companion.l10nar_base_chart_template,1.2.1.01.020,account.data_account_type_depreciation,Amortización acumulada instalaciones,False,etl_companion.account_group_instalaciones
etl_companion.base_maq_y_equipos,etl_companion.l10nar_base_chart_template,1.2.1.02.010,account.data_account_type_fixed_assets,Maquinarias y equipos,False,etl_companion.account_group_maquinarias_y_equipos
etl_companion.base_amortizacion_acumulada_maq_y_equipos,etl_companion.l10nar_base_chart_template,1.2.1.02.020,account.data_account_type_depreciation,Amortización acumulada maquinarias y equipos,False,etl_companion.account_group_maquinarias_y_equipos
etl_companion.base_muebles_y_utiles,etl_companion.l10nar_base_chart_template,1.2.1.03.010,account.data_account_type_fixed_assets,Muebles y útiles,False,etl_companion.account_group_muebles_y_útiles
etl_companion.base_amortizacion_acumulada_muebles_utiles,etl_companion.l10nar_base_chart_template,1.2.1.03.020,account.data_account_type_depreciation,Amortización acumulada muebles y útiles,False,etl_companion.account_group_muebles_y_útiles
etl_companion.base_rodados,etl_companion.l10nar_base_chart_template,1.2.1.04.010,account.data_account_type_fixed_assets,Rodados,False,etl_companion.account_group_rodados
etl_companion.base_amortizacion_acumulada_rodados,etl_companion.l10nar_base_chart_template,1.2.1.04.020,account.data_account_type_depreciation,Amortización acumulada rodados,False,etl_companion.account_group_rodados
etl_companion.base_derechos_de_marca,etl_companion.l10nar_base_chart_template,1.2.2.01.010,account.data_account_type_fixed_assets,Derechos de marca,False,etl_companion.account_group_derechos_de_marcas
etl_companion.base_amortizacion_acumulada_derechos_de_marca,etl_companion.l10nar_base_chart_template,1.2.2.01.020,account.data_account_type_depreciation,Amortización acumulada Derechos de marca,False,etl_companion.account_group_derechos_de_marcas
etl_companion.base_proveedores,etl_companion.l10nar_base_chart_template,2.1.1.01.010,account.data_account_type_payable,Proveedores,True,etl_companion.account_group_deudas_comerciales
__export__.account_account_016,etl_companion.l10nar_base_chart_template,1.1.1/03/02,account.data_account_type_current_liabilities,Cheques diferidos a pagar,True,etl_companion.account_group_deudas_comerciales
etl_companion.base_cheques_rechazados,etl_companion.l10nar_base_chart_template,2.1.1.01.030,account.data_account_type_current_liabilities,Cheques Rechazados,False,etl_companion.account_group_deudas_comerciales
etl_companion.base_anticipos_de_clientes,etl_companion.l10nar_base_chart_template,2.1.1.01.040,account.data_account_type_current_liabilities,Anticipos de clientes,False,etl_companion.account_group_deudas_comerciales
etl_companion.base_alquileres_a_pagar,etl_companion.l10nar_base_chart_template,2.1.1.01.050,account.data_account_type_payable,Alquileres a pagar,True,etl_companion.account_group_deudas_comerciales
etl_companion.base_intereses_a_pagar,etl_companion.l10nar_base_chart_template,2.1.2.01.010,account.data_account_type_current_liabilities,Intereses a pagar,False,etl_companion.account_group_deudas_financieras
etl_companion.base_giro_en_descubierto,etl_companion.l10nar_base_chart_template,2.1.2.01.020,account.data_account_type_current_liabilities,Giro en descubierto Banco xxxxx,False,etl_companion.account_group_deudas_financieras
etl_companion.base_otras_deudas_documentadas,etl_companion.l10nar_base_chart_template,2.1.2.01.030,account.data_account_type_current_liabilities,Otras deudas documentadas,False,etl_companion.account_group_deudas_financieras
etl_companion.base_prestamo_banco_x,etl_companion.l10nar_base_chart_template,2.1.2.01.040,account.data_account_type_non_current_liabilities,Prestamo Banco xxxxx,False,etl_companion.account_group_deudas_financieras
etl_companion.base_acreedores_varios,etl_companion.l10nar_base_chart_template,2.1.2.01.050,account.data_account_type_payable,Acreedores varios,True,etl_companion.account_group_deudas_financieras
etl_companion.base_tasa_municipal_a_pagar,etl_companion.l10nar_base_chart_template,2.1.3.01.010,account.data_account_type_payable,Tasa Municipal a pagar,True,etl_companion.account_group_deudas_tasas_municipales
etl_companion.base_plan_tasa_municipal_a_pagar,etl_companion.l10nar_base_chart_template,2.1.3.01.020,account.data_account_type_payable,Plan Tasa Municipal a pagar,True,etl_companion.account_group_deudas_tasas_municipales
etl_companion.base_iibb_a_pagar,etl_companion.l10nar_base_chart_template,2.1.3.02.010,account.data_account_type_payable,IIBB a pagar,True,etl_companion.account_group_deudas_iibb
etl_companion.ri_retencion_sicore_a_pagar,etl_companion.l10nar_ex_chart_template,2.1.3.02.020,account.data_account_type_payable,SICORE a pagar,True,etl_companion.account_group_deudas_iibb
etl_companion.ri_retencion_iibb_aplicada,etl_companion.l10nar_ex_chart_template,2.1.3.02.030,account.data_account_type_current_liabilities,Retención IIBB aplicada,False,etl_companion.account_group_deudas_iibb
etl_companion.ri_percepcion_iibb_aplicada,etl_companion.l10nar_ex_chart_template,2.1.3.02.040,account.data_account_type_current_liabilities,Percepción IIBB aplicada,False,etl_companion.account_group_deudas_iibb
etl_companion.ri_retencion_iibb_a_pagar,etl_companion.l10nar_ex_chart_template,2.1.3.02.050,account.data_account_type_payable,Retención/Percepción IIBB a pagar,True,etl_companion.account_group_deudas_iibb
etl_companion.base_plan_de_iibb_a_pagar,etl_companion.l10nar_base_chart_template,2.1.3.02.060,account.data_account_type_payable,Plan de IIBB a pagar,True,etl_companion.account_group_deudas_iibb
etl_companion.ri_iva_debito_fiscal,etl_companion.l10nar_ri_chart_template,2.1.3.03.010,account.data_account_type_current_liabilities,IVA débito fiscal,False,etl_companion.account_group_deudas_iva
etl_companion.ri_iva_saldo_a_pagar,etl_companion.l10nar_ri_chart_template,2.1.3.03.020,account.data_account_type_payable,IVA saldo a pagar,True,etl_companion.account_group_deudas_iva
etl_companion.ri_retencion_iva_aplicada,etl_companion.l10nar_ex_chart_template,2.1.3.03.030,account.data_account_type_current_liabilities,Retención IVA aplicada,False,etl_companion.account_group_deudas_iva
etl_companion.ri_percepcion_iva_aplicada,etl_companion.l10nar_ex_chart_template,2.1.3.03.040,account.data_account_type_current_liabilities,Percepción IVA aplicada,False,etl_companion.account_group_deudas_iva
etl_companion.base_plan_iva_a_pagar,etl_companion.l10nar_ri_chart_template,2.1.3.03.050,account.data_account_type_current_liabilities,Plan IVA a pagar,False,etl_companion.account_group_deudas_iva
etl_companion.base_impuesto_ganancias_a_pagar,etl_companion.l10nar_ex_chart_template,2.1.3.04.010,account.data_account_type_payable,Impuesto a las ganancias a pagar,True,etl_companion.account_group_deudas_imp_ganancias
etl_companion.ri_retencion_ganancias_aplicada,etl_companion.l10nar_ex_chart_template,2.1.3.04.020,account.data_account_type_current_liabilities,Retención ganancias aplicada,False,etl_companion.account_group_deudas_imp_ganancias
etl_companion.ri_percepcion_ganancias_aplicada,etl_companion.l10nar_ex_chart_template,2.1.3.04.030,account.data_account_type_current_liabilities,Percepción ganancias aplicada,False,etl_companion.account_group_deudas_imp_ganancias
etl_companion.base_provision_imp_a_las_ganancias,etl_companion.l10nar_ex_chart_template,2.1.3.04.040,account.data_account_type_current_liabilities,Provisión Imp a las Ganancias,True,etl_companion.account_group_deudas_imp_ganancias
etl_companion.base_anticipos_imp_a_las_ganancias_a_pagar,etl_companion.l10nar_ex_chart_template,2.1.3.04.050,account.data_account_type_current_liabilities,Anticipos Imp a las Ganancias a Pagar,True,etl_companion.account_group_deudas_imp_ganancias
etl_companion.base_planes_a_pagar_afip,etl_companion.l10nar_ex_chart_template,2.1.3.04.060,account.data_account_type_non_current_liabilities,Plan Ganancias a pagar,False,etl_companion.account_group_deudas_imp_ganancias
etl_companion.base_sueldos_a_pagar,etl_companion.l10nar_base_chart_template,2.1.4.01.010,account.data_account_type_payable,Sueldos a pagar,True,etl_companion.account_group_remueraciones_y_cargas_sociales
etl_companion.base_suss_a_pagar,etl_companion.l10nar_base_chart_template,2.1.4.01.020,account.data_account_type_payable,Leyes Sociales a pagar,True,etl_companion.account_group_remueraciones_y_cargas_sociales
etl_companion.base_seguro_de_vida_a_pagar,etl_companion.l10nar_base_chart_template,2.1.4.01.030,account.data_account_type_payable,Seguro de Vida a Pagar,True,etl_companion.account_group_remueraciones_y_cargas_sociales
etl_companion.base_art_a_pagar,etl_companion.l10nar_base_chart_template,2.1.4.01.040,account.data_account_type_payable,ART a Pagar,True,etl_companion.account_group_remueraciones_y_cargas_sociales
etl_companion.base_aportes_sindicales_a_pagar,etl_companion.l10nar_base_chart_template,2.1.4.01.050,account.data_account_type_payable,Sindicato a pagar,True,etl_companion.account_group_remueraciones_y_cargas_sociales
etl_companion.base_embargos_a_depositar,etl_companion.l10nar_base_chart_template,2.1.4.01.060,account.data_account_type_payable,Embargos a depositar,True,etl_companion.account_group_remueraciones_y_cargas_sociales
etl_companion.base_cta_particular_socio_x,etl_companion.l10nar_base_chart_template,2.1.5.01.010,account.data_account_type_non_current_liabilities,Cta particular socio x,False,etl_companion.account_group_cuentas_particulares
etl_companion.base_proveedores_largo_plazo,etl_companion.l10nar_base_chart_template,2.2.1.01.010,account.data_account_type_non_current_liabilities,Deudas Proveedores a largo plazo,False,etl_companion.account_group_deudas_comerciales_a_largo_plazo
etl_companion.base_prevision_sac_a_pagar,etl_companion.l10nar_base_chart_template,2.2.2.01.010,account.data_account_type_current_liabilities,Previsión SAC a Pagar,False,etl_companion.account_group_previsiones
etl_companion.base_prevision_para_despidos,etl_companion.l10nar_base_chart_template,2.2.2.01.020,account.data_account_type_current_liabilities,Previsión para Despidos,False,etl_companion.account_group_previsiones
etl_companion.base_prevision_gastos,etl_companion.l10nar_base_chart_template,2.2.2.01.030,account.data_account_type_current_liabilities,Prevision gastos,False,etl_companion.account_group_previsiones
etl_companion.base_capital,etl_companion.l10nar_base_chart_template,3.1.1.01.010,account.data_account_type_equity,Capital suscripto,False,etl_companion.account_group_capital_social
etl_companion.base_ajustes_de_capital,etl_companion.l10nar_base_chart_template,3.1.1.01.020,account.data_account_type_equity,Ajustes de capital,False,etl_companion.account_group_capital_social
etl_companion.base_aportes_no_capitalizados,etl_companion.l10nar_base_chart_template,3.1.1.01.030,account.data_account_type_equity,Aportes no capitalizados,False,etl_companion.account_group_capital_social
etl_companion.base_reserva_legal,etl_companion.l10nar_base_chart_template,3.2.1.01.010,account.data_account_type_equity,Reserva legal,False,etl_companion.account_group_reservas
etl_companion.base_reserva_estatuitaria,etl_companion.l10nar_base_chart_template,3.2.1.01.020,account.data_account_type_equity,Reserva estatuitaria,False,etl_companion.account_group_reservas
etl_companion.base_futuras_inversiones,etl_companion.l10nar_base_chart_template,3.2.1.01.030,account.data_account_type_equity,Reservas futuras inversiones,False,etl_companion.account_group_reservas
etl_companion.base_reservas_facultativas,etl_companion.l10nar_base_chart_template,3.2.1.01.040,account.data_account_type_equity,Reservas facultativas,False,etl_companion.account_group_reservas
etl_companion.base_resultado_del_ejercicio,etl_companion.l10nar_base_chart_template,3.3.1.01.010,account.data_unaffected_earnings,Resultado del ejercicio,False,etl_companion.account_group_resultados
etl_companion.base_resultado_acumulados,etl_companion.l10nar_base_chart_template,3.3.1.01.020,account.data_account_type_equity,Resultados de ejercicios anteriores,False,etl_companion.account_group_resultados
etl_companion.base_ajuste_resultados,etl_companion.l10nar_base_chart_template,3.3.1.01.030,account.data_account_type_equity,Ajuste resultados ejercicios anteriores,False,etl_companion.account_group_resultados
etl_companion.base_venta_de_mercaderia,etl_companion.l10nar_base_chart_template,4.1.1.01.010,account.data_account_type_revenue,Venta de mercadería,False,etl_companion.account_group_ingresos_por_ventas
etl_companion.base_venta_de_servicios,etl_companion.l10nar_base_chart_template,4.1.1.01.020,account.data_account_type_revenue,Venta de servicios,False,etl_companion.account_group_ingresos_por_ventas
etl_companion.base_resultado_intereses_ganados,etl_companion.l10nar_base_chart_template,4.2.1.01.010,account.data_account_type_other_income,Intereses ganados,False,etl_companion.account_group_ingresos_por_resultados_financieros
etl_companion.base_diferencias_de_cambio,etl_companion.l10nar_base_chart_template,4.2.1.01.020,account.data_account_type_other_income,Diferencias de cambio,False,etl_companion.account_group_ingresos_por_resultados_financieros
etl_companion.base_ajuste_por_redondeo,etl_companion.l10nar_base_chart_template,4.2.1.01.030,account.data_account_type_other_income,Ajuste por redondeo,False,etl_companion.account_group_ingresos_por_resultados_financieros
etl_companion.base_resultado_venta_bienes_de_uso,etl_companion.l10nar_base_chart_template,4.3.1.01.010,account.data_account_type_other_income,Resultado venta bienes de uso,False,etl_companion.account_group_ingresos_extraordinarios
etl_companion.base_recupero_de_gastos,etl_companion.l10nar_base_chart_template,4.3.1.01.020,account.data_account_type_other_income,Recupero de gastos,False,etl_companion.account_group_ingresos_extraordinarios
etl_companion.base_aportes_no_reembolsables,etl_companion.l10nar_base_chart_template,4.3.1.01.030,account.data_account_type_other_income,Aportes no reeombolsables (subsidios),False,etl_companion.account_group_ingresos_extraordinarios
etl_companion.base_cmv,etl_companion.l10nar_base_chart_template,5.1.1.01.010,account.data_account_type_expenses,Costo de Mercadería Vendida,False,etl_companion.account_group_costo_de_mercadería_vendida
etl_companion.base_descuentos_obtenidos,etl_companion.l10nar_base_chart_template,5.1.1.01.020,account.data_account_type_expenses,Descuentos Obtenidos,False,etl_companion.account_group_costo_de_mercadería_vendida
etl_companion.base_compra_mercaderia,etl_companion.l10nar_base_chart_template,5.1.1.01.030,account.data_account_type_expenses,Compra de mercadería,False,etl_companion.account_group_costo_de_mercadería_vendida
etl_companion.base_haberes_produccion,etl_companion.l10nar_base_chart_template,5.1.2.01.010,account.data_account_type_expenses,Sueldos y SAC Producción,False,etl_companion.account_group_gastos_de_producción
etl_companion.base_cargas_sociales_produccion,etl_companion.l10nar_base_chart_template,5.1.2.01.020,account.data_account_type_expenses,Cargas Sociales Producción,False,etl_companion.account_group_gastos_de_producción
etl_companion.base_gastos_varios_produccion,etl_companion.l10nar_base_chart_template,5.1.2.01.030,account.data_account_type_expenses,Gastos Varios Producción,False,etl_companion.account_group_gastos_de_producción
etl_companion.base_alquileres_produccion,etl_companion.l10nar_base_chart_template,5.1.2.01.040,account.data_account_type_expenses,Alquileres Producción,False,etl_companion.account_group_gastos_de_producción
etl_companion.base_servicio_de_luz_produccion,etl_companion.l10nar_base_chart_template,5.1.2.01.050,account.data_account_type_expenses,Servicio Eléctrico Producción,False,etl_companion.account_group_gastos_de_producción
etl_companion.base_servicio_de_agua_produccion,etl_companion.l10nar_base_chart_template,5.1.2.01.060,account.data_account_type_expenses,Servicio de Agua Producción,False,etl_companion.account_group_gastos_de_producción
etl_companion.base_servicio_de_gas_produccion,etl_companion.l10nar_base_chart_template,5.1.2.01.070,account.data_account_type_expenses,Servicio de Gas Producción,False,etl_companion.account_group_gastos_de_producción
etl_companion.base_impuesto_inmobiliario_produccion,etl_companion.l10nar_base_chart_template,5.1.2.01.080,account.data_account_type_expenses,Impuesto Inmobiliario Producción,False,etl_companion.account_group_gastos_de_producción
etl_companion.base_mantenimiento_y_reparaciones_produccion,etl_companion.l10nar_base_chart_template,5.1.2.01.090,account.data_account_type_expenses,Mantenimiento y Reparaciones Producción,False,etl_companion.account_group_gastos_de_producción
etl_companion.base_higiene_y_seguridad,etl_companion.l10nar_base_chart_template,5.1.2.01.100,account.data_account_type_expenses,Higiene y Seguridad,False,etl_companion.account_group_gastos_de_producción
etl_companion.base_honorarios_produccion,etl_companion.l10nar_base_chart_template,5.1.2.01.110,account.data_account_type_expenses,Honorarios Producción,False,etl_companion.account_group_gastos_de_producción
etl_companion.base_mantenimiento_y_limpieza,etl_companion.l10nar_base_chart_template,5.1.2.01.120,account.data_account_type_expenses,"Mantenimiento y limpieza ",False,etl_companion.account_group_gastos_de_producción
etl_companion.base_seguros_produccion,etl_companion.l10nar_base_chart_template,5.1.2.01.130,account.data_account_type_expenses,Seguros Producción,False,etl_companion.account_group_gastos_de_producción
etl_companion.base_haberes_comerciales,etl_companion.l10nar_base_chart_template,5.2.1.01.010,account.data_account_type_expenses,Sueldos y SAC Comercial,False,etl_companion.account_group_gastos_comerciales
etl_companion.base_cargas_sociales_comerciales,etl_companion.l10nar_base_chart_template,5.2.1.01.020,account.data_account_type_expenses,Cargas Sociales Comercial,False,etl_companion.account_group_gastos_comerciales
etl_companion.base_gastos_varios_comerciales,etl_companion.l10nar_base_chart_template,5.2.1.01.030,account.data_account_type_expenses,Gastos Varios Comercial,False,etl_companion.account_group_gastos_comerciales
etl_companion.base_alquileres_comerciales,etl_companion.l10nar_base_chart_template,5.2.1.01.040,account.data_account_type_expenses,Alquileres Comercial,False,etl_companion.account_group_gastos_comerciales
etl_companion.base_movilidad_y_viaticos,etl_companion.l10nar_base_chart_template,5.2.1.01.050,account.data_account_type_expenses,"Movilidad y viáticos ",False,etl_companion.account_group_gastos_comerciales
etl_companion.base_publicidad,etl_companion.l10nar_base_chart_template,5.2.1.01.060,account.data_account_type_expenses,Publicidad,False,etl_companion.account_group_gastos_comerciales
etl_companion.base_comisiones,etl_companion.l10nar_base_chart_template,5.2.1.01.070,account.data_account_type_expenses,Comisiones Pagadas,False,etl_companion.account_group_gastos_comerciales
etl_companion.base_servicios_de_luz_ecomercial,etl_companion.l10nar_base_chart_template,5.2.1.01.080,account.data_account_type_expenses,Servicio Eléctrico Comercial,False,etl_companion.account_group_gastos_comerciales
etl_companion.base_servicio_de_agua_comercial,etl_companion.l10nar_base_chart_template,5.2.1.01.090,account.data_account_type_expenses,Servicio de Agua Comercial,False,etl_companion.account_group_gastos_comerciales
etl_companion.base_servicio_de_gas_comercial,etl_companion.l10nar_base_chart_template,5.2.1.01.100,account.data_account_type_expenses,Servicio de Gas Comercial,False,etl_companion.account_group_gastos_comerciales
etl_companion.base_honorarios_comercial,etl_companion.l10nar_base_chart_template,5.2.1.01.110,account.data_account_type_expenses,Honorarios Comercial,False,etl_companion.account_group_gastos_comerciales
etl_companion.base_patentes_comercial,etl_companion.l10nar_base_chart_template,5.2.1.01.120,account.data_account_type_expenses,Patentes Comercial,False,etl_companion.account_group_gastos_comerciales
etl_companion.base_seguros_comercial,etl_companion.l10nar_base_chart_template,5.2.1.01.130,account.data_account_type_expenses,Seguros Comercial,False,etl_companion.account_group_gastos_comerciales
etl_companion.base_haberes_administrativos,etl_companion.l10nar_base_chart_template,5.3.1.01.010,account.data_account_type_expenses,Sueldos y SAC Administrativos,False,etl_companion.account_group_gastos_administrativos
etl_companion.base_cargas_sociales_administrativos,etl_companion.l10nar_base_chart_template,5.3.1.01.020,account.data_account_type_expenses,Cargas Sociales Administrativos,False,etl_companion.account_group_gastos_administrativos
etl_companion.base_gastos_varios_administrativos,etl_companion.l10nar_base_chart_template,5.3.1.01.030,account.data_account_type_expenses,Gastos varios Administrativos,False,etl_companion.account_group_gastos_administrativos
etl_companion.base_alquileres_administrativos,etl_companion.l10nar_base_chart_template,5.3.1.01.040,account.data_account_type_expenses,Alquileres Administrativos,False,etl_companion.account_group_gastos_administrativos
etl_companion.base_servicio_de_luz_administrativos,etl_companion.l10nar_base_chart_template,5.3.1.01.050,account.data_account_type_expenses,Servicio Eléctrico Administrativos,False,etl_companion.account_group_gastos_administrativos
etl_companion.base_servicio_de_agua_administrativos,etl_companion.l10nar_base_chart_template,5.3.1.01.060,account.data_account_type_expenses,Servicio de Agua Administrativos,False,etl_companion.account_group_gastos_administrativos
etl_companion.base_servicio_de_gas_administrativos,etl_companion.l10nar_base_chart_template,5.3.1.01.070,account.data_account_type_expenses,Servicio de Gas Administrativos,False,etl_companion.account_group_gastos_administrativos
etl_companion.base_servicio_de_internet,etl_companion.l10nar_base_chart_template,5.3.1.01.080,account.data_account_type_expenses,Servicio de Internet,False,etl_companion.account_group_gastos_administrativos
etl_companion.base_sistema_y_software,etl_companion.l10nar_base_chart_template,5.3.1.01.090,account.data_account_type_expenses,Sistema y Software,False,etl_companion.account_group_gastos_administrativos
etl_companion.base_cadeteria_y_franqueo,etl_companion.l10nar_base_chart_template,5.3.1.01.100,account.data_account_type_expenses,Cadeteria y franqueo,False,etl_companion.account_group_gastos_administrativos
etl_companion.base_honorarios_administracion,etl_companion.l10nar_base_chart_template,5.3.1.01.110,account.data_account_type_expenses,Honorarios Administración,False,etl_companion.account_group_gastos_administrativos
etl_companion.base_articulos_de_libreria,etl_companion.l10nar_base_chart_template,5.3.1.01.120,account.data_account_type_expenses,Artículos de librería,False,etl_companion.account_group_gastos_administrativos
etl_companion.base_seguros_administracion,etl_companion.l10nar_base_chart_template,5.3.1.01.130,account.data_account_type_expenses,Seguros Administración,False,etl_companion.account_group_gastos_administrativos
etl_companion.base_sellados_y_certificaciones,etl_companion.l10nar_base_chart_template,5.3.1.01.140,account.data_account_type_expenses,Sellados y Certificaciones,False,etl_companion.account_group_gastos_administrativos
etl_companion.base_tasa_municipal,etl_companion.l10nar_base_chart_template,5.4.1.01.010,account.data_account_type_expenses,Tasa Municipal,False,etl_companion.account_group_tasas_municipales
etl_companion.base_impuestos_iibb_caba,etl_companion.l10nar_base_chart_template,5.4.2.01.010,account.data_account_type_expenses,IIBB CABA,False,etl_companion.account_group_iibb
etl_companion.base_impuestos_iibb_ba,etl_companion.l10nar_base_chart_template,5.4.2.01.020,account.data_account_type_expenses,IIBB Prov. Bs. As.,False,etl_companion.account_group_iibb
etl_companion.base_impuestos_iibb_co,etl_companion.l10nar_base_chart_template,5.4.2.01.030,account.data_account_type_expenses,IIBB Prov. Córdoba,False,etl_companion.account_group_iibb
etl_companion.base_impuestos_iibb_sf,etl_companion.l10nar_base_chart_template,5.4.2.01.040,account.data_account_type_expenses,IIBB Prov. Santa Fé,False,etl_companion.account_group_iibb
etl_companion.base_impuestos_debitos_y_creditos,etl_companion.l10nar_base_chart_template,5.4.3.01.010,account.data_account_type_expenses,Impuestos a los débitos y créditos bancarios,False,etl_companion.account_group_otros_impuestos
etl_companion.base_impuestos_a_las_ganancias,etl_companion.l10nar_ex_chart_template,5.5.1.01.010,account.data_account_type_expenses,Impuestos a las ganancias,False,etl_companion.account_group_imp_a_las_ganancias
etl_companion.base_resultado_intereses_y_recargos,etl_companion.l10nar_base_chart_template,5.6.1.01.020,account.data_account_type_expenses,Intereses por préstamos,False,etl_companion.account_group_gastos_financieros
etl_companion.base_intereses_por_descubierto,etl_companion.l10nar_base_chart_template,5.6.1.01.030,account.data_account_type_expenses,Intereses por descubierto,False,etl_companion.account_group_gastos_financieros
etl_companion.base_intereses_por_venta_de_valores,etl_companion.l10nar_base_chart_template,5.6.1.01.040,account.data_account_type_expenses,Intereses por venta de valores,False,etl_companion.account_group_gastos_financieros
etl_companion.base_intereses_fiscales,etl_companion.l10nar_base_chart_template,5.6.1.01.050,account.data_account_type_expenses,Intereses fiscales,False,etl_companion.account_group_gastos_financieros
etl_companion.base_gastos_bancarios,etl_companion.l10nar_base_chart_template,5.6.1.01.060,account.data_account_type_expenses,Gastos Bancarios,False,etl_companion.account_group_gastos_financieros
etl_companion.base_r_e_c_p_a_m,etl_companion.l10nar_base_chart_template,5.6.1.01.070,account.data_account_type_expenses,R.E.C.P.A.M.,False,etl_companion.account_group_gastos_financieros
etl_companion.base_contrapartida_auxiliar,etl_companion.l10nar_base_chart_template,6.0.0.00.010,account.data_account_type_current_assets,Contrapartida Auxiliar,False,etl_companion.account_group_cuentas_puentes
